NomSite,Sigle,Superficie,Vegetation,NbreDate,Date d'echantillonnage,Prof1,Prof2,Latitude,Longitude,Diagramme complet,Charbons et PAF
Age 02 (Iles-de-la-Madeleine),AGE02,,SBb/SEpb,1,07-08-1985,,,472157,615226,p,
Albion,ALB,2.5,EBj,4,25-07-1974,445,455,454015,711930,c,
Albion,ALB2,2.5,EBj,16,01-07-1996,595,600,454008.42,711928.72,c,chb p
Albion,ALB3,2.5,EBj,1,01-07-1996,160,162,454005.89,711936.15,c,paf
Albion,ALB4,2.5,EBj,1,01-07-1996,158,160,454005.25,711935.42,c,paf
Albion,ALB5,2.5,EBj,5,01-07-1996,214,216,454005.68,711934.04,c,
Alexander Lake,ALEX,,PN,3,,220,245,532000,603500,c,c
Alfred,Alfred,,,0,,,,453000,744800,,
Aliuk Pond,ALIUK,7,TF/k,2,,50,72,543500,572200,c,c
Alphonse (Saint-),STA,2,EBj,1,08-06-1980,295,300,481500,653657,p,
Amakuttalik (Lac),AMA9508,40,T,3,26-05-1995,237,238,674833,643439,c,p 
Am_ricains (lac aux),AMER,6,SEpn,0,,,,485721,660130,p,
Amqui I,Amqui1,,,0,,,,482800,672600,,
Ange (lac ˆ l'),ANGE,0.5,SBb,8,,499,507,472843.65,704102.29,c,c
Antoine (St.),ANTOINE,,EC/ET,0,,,,484800,731800,p,
Atikonak Dam,ATIKONAK,,PC,0,,,,534700,652500,c,
Atocas (lac aux),ATO,1.2,EC,4,08-06-1979,825,835,453238.66,731842.89,c,c
Bachelor Lake,Bach,,,0,,,,493200,780600,,
Baie des Onze Iles,MAU2,0.6,EBj,0,10-09-1974,,,464449,730751,c,
Barnston Lake,BARNST,2.8,EBj,1,,485,495,450642,715300,b,
Base de Plein Air,BPA,5.5,ET,3,,190,198,464727.88,712023.64,c,
Bassin (le),BASS,,SEpb,0,,,,471301,615501,c,
Bathurst Inlet,Bathurst,,,0,,,,664900,1070000,,
Battery Lake,BATT,,PC,0,,,,521800,620700,b,
Bear lake,BEAR,2,SBj,2,,212,217,470158,603600,p,
Beaus_jour,BEAU,,ET,2,,100,105,463914,711001,c,
Bellerive,Bell,,,0,,,,462400,745900,,
Benjamin (St-),BUSQUE,30,EBj,1,21-06-1969,520,570,461644,703545,c,
B_r_ziuk,BER,3.5,PC,3,06-07-1977,420,440,540249,760711,c,
Birch Bog,Birch,,,0,,,,454600,723400,,
Biscara,BI2,,Ta/TF,4,,137,147,570700,762242,c,
Black lake,BLA,0.8,SBj,1,,150,160,465258,603401,p,
Border Beacon,BORDERB,5,TF,5,,250,250,552000,631200,c,
Borne (lac de la),BORNE,1.5,ET,7,,610,630,460028,742230,c,
Boucan_ (lac),BOUC,28,SBj/EBj,3,,247,260,472728.16,692710.37,c,c
Bouchard (Petit Lac),BOUCH96,2,SBj,8,18-06-1996,245,250,485618.69,643551.01,c,p chb Paleofire
Bouchard (Petit Lac),BOUCHARD,2,SBb,2,30-03-1994,,,485619.24,643549.21,c b,chb Paleofire
Bouchard (Petit Lac),BOUCHS,2,SBj,2,18-06-1996,21.5,25.5,485614,643552,c,c p Paleofire
Bouliane (lac),BOUL,13.5,SEpn,1,,325,334,485700,655938,p,
Boundary Lake,BOUND,1600,PC,6,,252.5,262.5,550500,672000,c,
Boundary Pond,BOUNDP,21.2,EBj,5,,389,392,453400,704030,c,
Bride (lac),BRIDE,1.7,PN,6,03-08-1982,310,315,471841.23,743052.06,c,c
Brisay,BRI1,0.2,PC,0,17-07-1979,,,542020,702031,p,
Brisay,BRI2,1,PC,3,17-07-1979,138,143,542121,702128,c,
Brock Lake,Brock,,,0,,,,461700,762100,,
Bromont (c™ne d_jection),MAT-A,,ET,2,,,200,451552,723813,p,
Bromont (c™ne d_jection),MAT-B,,ET,1,,,65,451534,723825,p,
Bromont (c™ne d_jection),MAT-C,,ET,2,,150,153,451534,723829,p,
Bromont (lac),BROM1,50,ET,9,17-03-1982,685,690,451553.39,724013.45,c,c
Bromont (replat Charron),CharA3,,ET,1,20-06-1981,,,,,p,
Bromont (replat Charron),CharC2b,,ET,1,20-06-1981,50,50,451603,723733,p,
Bromont (replat Charron),CharC4,,ET,1,20-06-1981,,,,,p,
Bromont (replat Charron),CharZ,,ET,1,20-06-1981,,,,,p,
Bruno (St.) Bog,STBRUNO,1,EC/ET,0,,,,453240,731850,p,
Bush (Lac ),LB1,3,TF,4,,131,145,575500,753700,c,C 
Cacouna,Cacouna,,,0,,,,475600,682900,,
Calixte (St-),CAL,1.7,ET,4,,570,580,455739,735204,c,
Cambrian Lake Bog,CANBRIAN,,PC,0,,,,562600,690300,c,
Camp 224,CAMP,1,PN,3,,335,366,525900,661500,c,
Cap de Nouvelle France,CAPNF,8,T,1,07-08-1990,75,78,734116,621912,i,
Caribou Hill,CARIBOUH,3,TF,5,,305,315,554000,631500,c,
Caribou (lac),CARIB,2.6,SBj (Epb SHT),7,11-06-1980,317,324,481154.61,645620.32,c,c
Caribou (lac),CARIBL,2.6,"SBj (Epb, SHT)",1,11-06-1980,180,188,481154.67,645616.13,c,
Caribou (Tourbière),CAR,0.8,SEpn,2,09-06-1969,215,220,473823,711409,c,
Caron (lac),CARON,3.7,SBj,0,16-06-1980,,,483751,674507,i,
Cassidy (Lac),CASSIDY,1,SBj,1,26-03-1994,395,400,480713.75,663422.45,b,c
Castor (lac),CAS,1,ET,6,,800,820,463649.75,725329.42,c,c
Centrooyto Lake,Cent,,,0,,,,655600,1094500,,
CGC-01,CGC01,1.6,SBb,1,,160,165,475938,793300,b,
CGC-02,CGC02,0.7,SBb,1,,218,223,475949,793339,b,
CGC-03,CGC03,1.7,SBb,1,,687,692,471958,793458,b,
CGC-06a,CGC06A,2,SBb,1,,485,490,472009,795522,b,
CGC-11,CGC11,0.6,SBb,1,,275,280,475114,790108,b,
CGC-12,CGC12,2,SBb,1,,355,360,475533,785931,b,
CGC-13,CGC13,16.5,SBb,3,,432,437,474402,784001,b,
CGC-13 a+b,CGC13AB,16.5,SBb,1,,525,530,474402,784001,b,
CGC-14,CGC14,1.2,SBb,1,,530,540,475146,781149,b,
CGC-15,CGC15,7,SBb,1,,216,221,475136,781221,b,
CGC-16,CGC16,19,SBb,1,,235,240,475956,781619,b,
CGC-17,CGC17,0.9,SBb,1,,405,415,474239,782439,b,
CGC-18,CGC18,0.1,SBb,1,,370,383,473231,781546,b,
CGC-19,CGC19,3,SBb,1,,465,471,474940,774601,b,
CGC-20,CGC20,3.9,SBb,1,,440,445,473433,775501,b,
CGC-23,CGC23,2.4,SBb,1,,240,245,475844,770849,b,
CGC-27 (lac Neume),CGC27,2.9,SBb,5,17-03-1981,450,455,473519.44,770639.76,c,c
CGC-28,CGC28,0.2,SBb,1,,450,460,471456,780704,b,
CGC-29,CGC29,0.8,SBb,1,,458,471,470404,780130,b,
CGC-30,CGC30,3.5,SBb,1,,697,710,470433,784658,b,
CGC-31,CGC31,0.2,EBj,1,,400,410,471517,784438,b,
CGC-33,CGC33,0.8,EBj,1,,450,458,472739,784608,b,
CGC-34,CGC34,1.2,EBj,1,,297,308,471145,791601,b,
CGC-35,CGC35,0.8,EBj,1,,509,515,470625,793520,b,
CGC-36a,CGC36A,0.1,EBj,1,,602,608,465446,791040,b,
CGC-37,CGC37,0.8,EBj,1,,375,385,463039,792125,b,
CGC-38,CGC38,0.5,EBj,1,,450,460,463458,793538,b,
CGC-39,CGC39,0.4,EBj,1,,927,939,464958,795707,b,
CGC-40,CGC40,2.4,EBj,1,,534,540,470925,795837,b,
CGC-41 (lac Spearman),CGC41,3.1,EBj,5,29-03-1983,460,470,463242.59,783006.66,c,c
CGC-42,CGC42,3.1,EBj,1,,615,624,463158,782110,b,
CGC-43,CGC43,0.6,EBj,1,,260,268,464713,784239,b,
CGC-44,CGC44,0.8,EBj,1,,634,645,464749,791901,b,
Chapais 2 Lake,CH2,5,PN,6,01-04-1989,446,452,494100,743500,c,
Charlery,DKA,16,T,1,02-08-1990,,,621719,732330,i,
Chavigny,CHAV,,T,3,,159,161,575959.87,745959.36,c,c
Chism -1,CHISM1,1.8,PC,1,,126,138,544756,760845,c,
Chism - 2,CHISM2,1.7,PC,1,,270,282,530527,762020,c,
Churchill Falls East,CHURCHFE,0.5,PC,0,,,,533600,691800,c,
Churchill Falls North,CHURCHFN,0.42,PC,1,,220,225,533600,641900,c,
Churchill Falls South,CHURCHFS,0.66,PC,1,,370,375,533600,641800,c,
Cinquième (Lac),CINQUIEM,2,SBb,0,30-03-1994,,,484650,645140,b,
Clair,Clair,,,0,,,,464700,710000,,
Cleaver Lake,Cleaver,,,0,,,,461300,762700,,
Clo,CLO,7,SBb,3,,352,362,482945.76,792105.9,c,c
Clova,Clova,,,0,,,,480700,752200,,
CogHill Lake,COGHILL,535,PC,3,,190,197,535400,664600,c,
Colin (Lac),COLIN,5.5,EBj,5,,688,694,464300,701730,c,
C™t_ (lac),COT,18,SEpn,1,,250,255,485801,655652.72,c,c
C™teau-Jaune,COTJ,300,ET,5,26-05-1978,280,300,455846.21,732051.23,c,
Couchepaganiche (centre),COUCH-C,0.5,SEr,4,18-03-1985,900,902.5,482151.96,715038.71,c,
Couchepaganiche (lat_r.),COUCH-L,0.5,SEr,0,18-03-1985,,,482151.6,715038.39,c,
Cratère Nouveau-Qu_bec,CNQ,668,T,2,,13,14,611700,734000,c,
Crates Lake,CRATES,3.4,PN/SEpn,6,,526,541,491110.98,811533.67,c,
Creek Savanne,Creek,,,0,,,,463600,741200,,
Cuivre (Lac),CUIVRE,1.5,SEpN,1,31-03-1994,230,235,485725,653350,b,
Daumont,DAU,1.5,PC,4,19-07-1979,155,160,545248.28,692357.12,c,c
Dauphinais,MAU1,0.5,EBj,0,14-06-1974,,,464800,725924,c,
Davis (Lac),DAVIS,1,SBb,1,30-03-1994,2785,2795,485800,643822,b,
D_ception (riv.),DEC,,T,4,,165,166,620701,741358,c,
Delorme - 1,DEL1,0.5,PC,4,16-07-1979,175,180,542508,695508,c,
Delorme - 2,DEL2,1.1,PC,5,18-07-1979,252,257,542525.34,695550.43,c,c
Dernier,DERNIER,3.5,SBj,0,17-06-1980,,,474821,690025,p,
Desaulniers (lac),DESAULN,956,PN,0,,,,533300,773600,c,
Desaulniers (Tourbière du lac),DESAULT,,PN,1,,320,325,533400,773300,c,
Desautels,DES,42,PN,5,,550,557,492715.44,731525.81,c,c
Diable (lac du),DIAB,25,SEpn,6,28-03-1981,120,130,485440.31,660725.23,c,c
Diana - 375,DIA375,4.9,T,3,,130,150,605913.47,695716.07,c,c
Diana - 500,DIA500,0.7,T,0,,,,605844,695931,c,
Diana (baie),VHC1,7.9,T,1,09-08-1973,125,130,604658,694958,c,
Diana (Cordeau),DIA1,,T,0,,,,605620,695819,c,
Dolbeau (Lac),DOLB,3.14,SEpn,7,30-03-1989,590,595,485801.07,655721.15,c,c
Domi (Lac),DOMI,1,SEpN,1,26-03-1994,785,790,483447,661441,b,
Donnacona (coupe de),DON,,ET,0,,,,464000,714500,c,
Dosquet,DOSQUET,200,ET,1,17-07-1969,580,590,462700,713000,c,
Dosquet Bog,DosquetB,,,0,,,,462800,713200,,
Dub_ (lac),DUBE,4.5,EBj,0,14-06-1980,,,481246,665031,b,
Dub_ (lac),DUBE94,4.5,SBj -EBj,0,26-03-1994,,,481237.87,665036.33,b,c
Duck Hawk Bluffs,VH81,,T (haut arctique),0,,,,715801,1254000,c,
Dufresne (Lac),DUFRES,10.5,EBj,3,,357,363,455100,702100,c,
Eagle Lake,EAGLE,750,PN/PC,5,,410,430,531400,583300,c,
Eau Claire (Lac ˆ l'),EC1,4,TF,4,,95,105,561700,750600,c,C 
Eau Claire (lac ˆ l'),T30F,,T,7,,219,220,561058,743000,c,
ƒbron (Lac),EBR,2,SEpn,7,30-06-1990,425,425,490235,655304,c,
Eden (Lac),EDEN,4,SBb,0,30-03-1994,,,485908,645910,b,
Elk Pass Bog,EPB,0.2,SBj,0,,,,440545,734935,c,
Equi,EQUI,0.5,SEr,0,,,,481821,710545,i,
Esker,ESKER,2.6,PC,0,,,,535200,662500,c,
Eugene (St.) (Site),STEUG,,EBj,1,,,,470420,701940,p,
Euloge (Lac ˆ),EUL,1.2,SBj,7,27-06-1990,289,291,491445.64,652213.78,c,c
Faribault,FAR,78.5,Ta/TF,3,,55,70,585201,714301,c,
Farnham (Tourbière de),Farnham,,,0,,,,451600,730200,,
Farnham (Tourbière de),FARN1,200,EC,4,08-05-1980,173,178,451737.07,730205.16,c,chb
Flavien (Saint-),FLAV1,314,ET,0,,,,463101,713458,p,
Flavien (Saint-),FLAV3,314,ET,0,,,,463101,713458,p,
Flavien (Saint-),FLAV4,314,ET,0,,,,463101,713458,p,
Flavien (Saint-),FLAV5,314,ET,3,,140,150,463101,713458,p,
Flavien (Saint-),FLAV7,314,ET,2,,12,13,463101,713458,p,
Fl_vy (lac),FLEVY,1.5,SBb,3,15-06-1983,566,572,481302.12,711259.07,c,chb
Forbes (Ruis),FORBES,1,SBb,1,30-03-1994,275,276,484640,644722,b,
Fourche (lac ˆ la),ESPOIR,5.8,SBb,1,,499,505,473636,703657,c,
Fourche (lac ˆ la),FOUR1,19.6,EBj,5,22-10-1985,290,298,475833.01,691211.56,c,c
Fox lake,FOX,20,SBj,1,,238,243,464958,603758,p,
Framboise (Lac),FRAMBOIS,3.5,SEpN,0,27-03-1994,,,484553,650315,b,
Francis (lac),FRANCIS,0.78,SBb,16,10-04-1996,,,483133.18,792814.16,c,chb Paleofire
Francis (lac),FRANCIS-S,0.78,Sbj ,0,06-04-1997,,,483135,782820,c,
François de Sales (St-),SFS,1,SBb,4,,448,458,481738.01,720849.01,c,c
Fromenteau (Lac),FROM2,80,SBj,0,24-06-1996,,,484752,643458,,
Fromenteau (Lac),FROM2S,80,SBj,0,24-06-1996,,,484752,643458,,
Fromenteau (Lac),FROMENT,80,SBb,0,30-03-1994,,,484752,643458,b,
Fronsac (Lac),FRONSAC,28.27,SBb,0,24-06-1996,,,484730,644240,,
Fronsac (Lac),FRONSACS,28.27,SBb,0,24-06-1996,,,484730,644240,,
Gabriel (St-),GABRIEL,3,ET,6,09-11-1974,,,461637.66,732831.71,c,c
Gallant (Lac),GAL1,2,EBjEBj,1,01-08-1991,425,430,482505,682814,b,
Gallant (Lac),GAL2,2,EBjEBjEBj,5,01-08-1991,700,705,482504.39,682809.04,b,c
Gasse (lac),GASS,2.5,SEpn,0,,,,485555,653635,b,
Geai (Lac),GEAI,1,EBj,1,,580,592,455950.26,735933.74,c,chb
Geai (Lac) 1985,GEAI85,1,EBj,0,,,,455945,735934,c,
Germain (Lac ˆ St-),GER,5,EBj SBj,5,19-03-1977,700,712,455645,742215,c,
Germain (St.) Bog,STGERM,,ET,2,,,,455000,713500,c,
Grande Riv. de la Baleine,GB2,5,PC,4,,235,245,550600,751700,c,C 
Grandes-Bergeronnes,GB138,,SBj,1,,,,481443,693235,p,
Gras (Lac),GRAS,284,PN,5,,171,183,521500,670400,b,
Gravel Ridge,GRAVEL,4,TF,9,,360,370,550200,623800,c,
Greenbush Lake,GREEN,0.05,PC/TF,1,,244,280,545900,671400,c,
Griault,GRIAULT,1.7,PC,0,,,,540849,760744,c,
Grosses Roches,GROS,4,SBj,1,06-04-1992,315,320,491315,651540,p,
"Hamard, Lac",HAMAR,2100,PC,3,,97.5,107.5,544800,673000,c,
Harrie Lake,HARRIE,66,PC,6,,580,600,525600,665700,c,
Harriman Lake,HARR,50.25,EBj/SBj,1,07-07-1989,504,510,481415,655020,c,
Heart Lake,HL,11.4,SBj,0,,,,441050,735803,c,
Hebron Lake,HEBRN,,PC,1,,125,150,581200,630200,c,
Henri (St-),HEN,250,EC,6,24-05-1978,465,490,455839.55,731858.56,c,
Hertel (Lac),HERC1,28.4,EC/ET,0,21-07-1998,,,453250,730910,,
Hertel (Lac),HERC2,28.4,EC/ET,4,19-08-1998,,,453250,730910,,
Hertel (Lac),HERC3,28.4,EC/ET,7,03-03-1999,,,453250,730910,,
Hertel (Lac),HERC4,28.4,EC/ET,2,06-03-2000,,,453250,730910,,
Hertel (Lac),HERCS,28.4,EC/ET,0,21-07-1998,,,453250,730910,,
Hertel (Lac),HERL,28.4,EC/ET,5,15-03-1999,461,466,453244.92,730906.11,c,p
Hertel (Lac),HERLS,28.4,EC/ET,0,15-03-1999,,,453250,730910,,
Hertel (Lac),HERTEL,28.4,EC/ET,1,21-06-1965,775,794,453250,730910,c,
Hemlock Carr,HIL,,ET,0,,,,453300,730758,p,
Hemlock Carr,STHILB,5,EC/ET,1,,930,950,453255.01,730928.81,b,
Hilaire (St.) Site,STHIL,,EC ET,3,,,,453148,730830,p,
Hinchinbrook,HUNT C-25,,EC,1,,,,450050,740410,p,
Hobblety Creek,Hobb,,,0,,,,461100,762100,,
Holton,HOLTON,10,PC subalpine,0,,,,514215,725050,c,
Hope Simpson Lake ,HOPESIMP,65,PN/SEpN,6,,193,204,522700,562600,c,
HopeDale Pond,HOPEDALE,,TF,5,,132,138,552800,601700,c,
Hunter (Lac),HUNTER,1.5,SEpN,0,27-03-1994,,,490022,652857,b,
Iglou-1,IGLOU1,,T,0,,0,0,605100,695331,c,
Iglou-2,IGLOU2,,T,2,,25,26,605100,695331,c,
Ile aux Chats,SAR83,0.01,EC,3,,136,139,453058.76,734514.83,c,
Ile d'Anticosti,ANTI80,,SEpb,0,,,,495000,644200,i,
Ile Nue (76),NUE76,,SEPb,1,,100,104,501304,640740,c,
Ile Nue (77),NUE77,,SEPb,1,,57,61,501309,640756,c,
Independence Lake,INDEPEND,170,PN/SEpN,0,,0,0,523300,565400,i,
Irene Lake,IRENE,,PC,1,,,,493200,744600,c,
Iroquois Falls,Iroquois,,,0,,,,503900,780200,,
J'Arrive (Lac) ,JAR,2.4,SBj/SEpb,6,13-03-1989,566,586,491458.36,652228.91,c,chb
J'Arrive (Lac) ,JAR2,2.4,SBj,2,28-06-1990,,,491450,652235,c,
Jack Lake,JACK,10,SBj-EBj,3,,372,381,471900,814600,c,
Jack River,JackR,,,0,,,,515900,780400,,
"Jean, Ile d'Orl_ans (St-)",JEAN,1.5,ET,3,23-07-1969,320,335,465558,705558,c,
Jean-Marie Boulay (Lac ˆ),BOULAY,1.77,SBj,0,28-06-1996,,,485810,642930,c,p
Jean-Marie Boulay (Lac ˆ),BOULAYS,1.77,SBj,2,28-06-1996,,,485810,642930,c,chb p
John (St.) Island Pond,STJOHNIS,,PN,2,,155,177,535700,585500,c,c
Joncas (Lac),JONCAS,5,SBb,4,07-08-1969,480,500,471528,711030,c,
Joncas (tourbière),JON,2,SBb,2,,380,390,471528,710946,c,
Joseph (St-),JOS,250,EC,3,20-05-1978,260,280,455928.51,731749.63,c,
Kame (tourbière du),KAME,,TF,5,,116,120,591058,723701,c,
Kanaaupscow,KAN,1.5,PC,2,,220,240,540123.1,763815.68,c,c
Kaniapiskau River (7),Kan7,,,0,,,,550700,684900,,
Kaniapiskau River (8),Kan8,,,0,,,,535100,690200,,
Kazabazua,Kaza,,,0,,,,455700,760400,,
KC,KC-S,1.2,Sbb,0,06-04-1997,,,481700,785400,,
KC  Ñ lat_rale,KC-L,1.2,Sbb,0,07-04-1997,,,481700,785400,,
K_nogami,KENOGAMI,0.5,SEr,2,09-07-1969,690,700,482157,713401,c,
Kenogami Lake Kettle,KENOG,0.5,SEr,0,,,,482157,713401,p,
Keswick (Tourbière),KESC1,,ET,0,,0,0,441145,793046,p,
Keswick (Tourbière),KESC2,,ET,0,,0,0,441145,793046,p,
Keswick (Tourbière),KESV,,ET,3,,240,244,441145,793046,c,
KK,KK-S,4.9,Sbb,0,10-04-1997,,,485630,791100,,
Knob Lake,KNOB,0.1,PC,0,,,,544730,664830,c,
Kogaluk Plateau Lake,KOGALUK,,TF,5,,43,45,560400,654500,c,
Koroc aval Nouv. Qu_bec,CM81A,200,T,6,,48,50,584015,652320,c,
Koroc aval Nouv. Qu_bec,CM81D1,200,T,2,,68,70,584015,652320,c,
Koroc aval Nouv. Qu_bec,CM82E,35,T,6,,82,84,583936,652222,c,
L'Ile Verte,Verte,,,0,,,,475600,682900,,
La Plaine,LAP,150,EBj,0,09-06-1980,,,481051,651301,i,
Pit A et B (Lac ˆ),Pit,,,0,,,,461100,742900,,
Lac aux Atocas,Atocas,,,0,,,,461800,743200,,
Lac aux Cèdres,Cedres,7,,6,01-01-1997,,,492047.69,791231.62,c,
Lac Beazley (Lac Baisley),BEAZLEY,,EBj-SBj,0,,,,473348,683000,c,
Lac Bowden,Bowden,,,0,,,,462800,742700,,
Clair (Lac),LCA,35.25,ebj-h,7,01-07-1996,46,49,465730,714015,i,
Lac Coupal,Coupal,,,0,,,,464500,760500,,
Lac des Loups A et B,Loup,,,0,,,,471000,764000,,
Lac des plages,Plages,,,0,,,,460000,745100,,
Horden (Lac),Horden,,,0,,,,505400,775400,,
Lacroix (Lac),Lacroix,,,0,,,,490200,752300,,
Mazanaskwa A et B (Lac),maza,,,0,,,,470700,743200,,
Pas de fond (Lac),PFOND,3,Sbb,12,09-04-1997,,,484830,785000,c,Paleofire
Pas de fond (Lac),PFOND-S,3,Sbb,0,09-04-1997,,,484830,785000,,
Puant (Lac),Puant,,,0,,,,461000,743300,,
Roman (Lac) et Bog,ROMANET,,PC,0,,0,0,562300,675100,c,
Rouge (Lac),Rouge,,,0,,,,465600,744000,,
Savane (Lac),Savane,,,0,,,,462500,743300,,
Shaw (Lac),Shaw,,,0,,,,461900,743200,,
Soscumica (Lac),soscum,,,0,,,,502400,774600,,
Lac St-Jean,STJEAN,,SEr,0,,0,0,483000,720000,c,
Tacoma (Lac),Tacoma,,,0,,,,465500,743800,,
Unique (Lac),UNIQUE,,EBj-SBjSBj,1,,835,845,472000,684430,b,
Lacroix Bog ( Messines ),LacroixB,,,0,,,,461600,760000,,
Lake Arnold,ARNOLD,0.4,SBj,0,,,,440745,735625,c,
Lake Six,SIX,6,SBb/SEpn,3,,290,298,482356.04,811924.81,c,
Lake Tear of the Clouds,LTOTC,0.3,SBj,0,,,,440615,735555,c,
Landing Lake,LANDING,,PC,0,,0,0,533700,632200,c,
Lanoraie,Lanoraie,,,0,,,,455800,731300,,
Large Tea Field (1),LTF1,550,EC,4,,374,384,450730,741230,c,
Large Tea Field (2),LTF2,550,EC,1,,261,276,450705,741340,c,
Lavoie (Lac),LAVL,3.5,SBbSBj,5,15-06-1980,155,160,482617,671528,c,
Lavoie (Lac),LAVOIE1,3.5,SBbSBj,0,14-06-1980,,,482617,671528,c,
Lavoie (Lac),LAVOIE94,3.5,SBbSBj,1,01-04-1994,530,535,482613.2,671528.77,c,chb
Lavoie (Lac),LAVS,3.5,SBbSBj,0,16-06-1996,,,482617,671532,,
LD Lake,LD,0.6,PN,2,,335,345,500825,670755,c,
Leaky Lake,LEAKY,,PC,0,,,,523400,633600,c,
Leech Fen,LEECH,,PN,1,,144,148,531000,582700,c,
L_onard (lac ˆ),LEO,0.2,EBj/SBj,5,,485,500,491222.35,654838.93,c,c
LeRoy (près du Lac),LR1,2,Ta,4,,120,130,583500,751500,c,C 
LeRoy (près du Lac),LR3,,Ta,3,,102,112,583442,751442,c,
LG-4-83-01 M,LG401M,3,PC,0,27-04-1983,,,540209,725222,p,
LG-4-83-01 P,LG48301P,3,PC,4,26-04-1983,155,160,540209.07,725222.16,c,c
LG-4-83-02,LG402,0.8,PC,0,26-04-1983,0,0,540346,725508,b,
LG-4-83-03,LG48303,0.6,PC,1,26-04-1983,300,305,540306,725732,b,
LG-4-83-05,LG48305,1, PC,4,27-04-1983,178,183,540348.01,725455.01,c,c
LG-4-83-06 M,LG48306M,7.1, PC,5,28-04-1983,495,500,540430.02,725631.16,c,
LG-4-83-06 M',LG406MP,7.1,PC,0,01-05-1983,0,0,540430,725631,p,
LG-4-83-06 P,LG48306P,7.1, PC,7,28-04-1983,327,332,540430.01,725631.01,c,c
LG-4-83-07,LG407,2.5, PC,0,28-04-1983,0,0,540437,725945,b,
LG-4-83-08,LG48308,4, PC,1,28-04-1983,109,114,540649,724214,b,
LG-4-83-09,LG48309,5.3,PC,5,29-04-1983,210,215,545352.42,724714.09,c,c
LG-4-83-10,LG48310,2,PC,1,29-04-1983,268,273,542901,725626,b,
LG-4-83-11,LG48311,1.9,PC,1,29-04-1983,273,278,542634,725649,b,
LG-4-83-12,LG48312,3.75,PC,5,30-04-1983,257.5,262.5,525043.13,731752.63,c,c
LG-4-83-13,LG48313,4.4,"PC, Pin gris",1,30-04-1983,250,255,530330,732423,b,
LG-4-83-14,LG48314,6.6,PC,1,30-04-1983,250,255,531733.18,733258.14,b,c
Livingston Pond,LIVINGST,0.8,SBj,0,,,,440637,735918,c,
Lotbinière,LOTBINIE,471,ET,0,14-07-1969,0,0,463621,714630,c,
Louis (lac),LOUIS,9.8,SBj,3,,,,471700.64,790653.81,c,
Loutre (Lac de la),LOUT,4,SEpn,2,,300,310,485357,652033,i,
Loutre (Lac de la),LOUTRE,4,SEpN,1,27-03-1994,330,335,485357,652033,b,
Mac Alpine Lake,Mac,,,0,,,,663549.91,1025008.94,,
Madeleine (Lac),MADE,8.29,SBb,4,20-07-1988,90,100,474023.24,704308.93,c,c
Main (Lac ˆ la),MAIN,9.62,"""SBb",6,20-07-1988,149,160,474200.19,703720.51,c,c
Malbaie (Tourbière),MAL,120,SEpn,2,10-08-1969,190,200,473549,705833,c,
Malbaie (Tourbière),MAL1,120,SEpn,0,17-07-1994,,,473612.83,705834.63,c,
Malbaie (Tourbière),MAL2,120,SEpn,5,17-07-1994,235,240,473559.27,705824.76,c,paf
Malbaie (Tourbière),MAL3,120,SEpn,4,,210,215,473550.11,705851.09,c,
Manitou (Lac),SAV1,0.7,EBj,3,,820,830,460328,742801,c,
Marchand Bog,March,,,0,,,,462500,724300,,
Marcotte (lac),MARC,3.8,SBb,5,,297,304,470316.86,712352.23,c,c
Marie,MARIE,2,Sbb,0,10-04-1997,,,483800,783200,,
Marie,MARIE-S,2,Sbb,0,10-04-1997,,,483800,783200,,
Martini,MART,2,SBj/SBb,5,,450,465,472823.38,724552.9,c,c
Marymac Lake,MARYM,0.3,TF,1,,304,335,570000,683300,c,
Matamek (lac),MATAMEK,1.3,PN,4,,0,0,502010,655500,c,
Mc Dougall Pond,MCD,40,SEpb/SBj,4,,470,480,465953.59,602805.77,c,
McLaren (Lac),MCLARS,14.18,SBb,1,19-06-1996,465,475,484533.84,644406.61,,c p
Melville Sound,MelvilleS,,,0,,,,681100,1061700,,
Mer Bleue,MerBleue,,,0,,,,452300,753000,,
Mer Bleue,MERBL,,EC,1,,,,452400,753000,c,
Mer Bleue (Tourbière de),MB300,2500,EC,0,19-07-1999,,,452400,753000,,
Mer Bleue (Tourbière de),MB775,2500,EC,1,19-07-1999,,,452400,753000,c,
Mer Bleue (Tourbière de),MB930,2500,EC,9,10-12-1998,,,452437,753102,c,paf
Merchère (tourbière du lac),J791,,TF,3,,150,,580458,701001,c,
Mimi (lac),MIMI,10,SBb,6,10-10-1971,500,515,472951.55,702227.99,c,
Mirabel (A_roport),MIR,,EC,0,27-10-1973,0,0,454058,740401,c,
Mirabel (Tourbière de),MIR1,200,EC,4,16-11-1998,408,410,454109.04,740245.35,c,paf
Mirabel (Tourbière de),MIR2,200,EC,1,19-10-1999,,,454104.26,740223.31,c,paf
Mirabel (Tourbière de),MIR3,200,EC,2,18-06-2000,,,454102.83,740306.32,c,paf
Mirabel (Tourbière de),MIR4,200,EC,2,26-07-2000,,,454116.16,740301.74,c,paf
Mirabel (Tourbière de),MIR5,200,EC,2,26-06-2000,,,454125.09,740246.38,c,paf
Mirabel (Tourbière de),MIR6,200,EC,3,26-06-2000,,,454119.52,740225.27,c,paf
Mirabel (Tourbière de),MIR7,200,EC,2,26-06-2000,,,454116.12,740208.91,c,paf
Mont-Tremblant,Trembl,,,0,,,,461500,743400,,
Montagnais,MONTAGNA,10,SBb,1,10-07-1969,410,420,475428,711030,c,
Montagne Ronde (Lac de la),MORO,3.5,SBj,7,29-07-1991,455,460,481914.03,683350.82,c,c
Moraine Lake,MORAINE,,PC,1,,,,582200,633300,c,
Moraine Lake,MORAINL,45,PN/SEpN,6,,170,175,521600,580300,c,
Mud Lake,Mud,,,0,,,,,,,
Nain Pond,NAIN,,TF,8,,217,225,563200,614900,c,
Nantais,NANTAIS,13,T,1,04-08-1990,,,740933,610615,i,
Nantel,Nantel,,,0,,,,0,742400,,
Nastapoca (Rivière),NAST1,,T,3,,91,103,565300,762400,p,
Nastapoca (Rivière),NAST2,,T,3,,147,153,565300,762400,p,
Nastapoca (Rivière),NAST3,,T,3,,76,85,565230,762230,c,
Nedlouc,NED,19.6,Ta/TF,7,,305,315,573901.03,713905.67,c,c
Neigette,NEICD,,SBj,0,,0,0,482728,681948,p,
Newington,New,,,0,,,,450700,745800,,
Newington,Newington,,,0,,,,451700,750000,,
Nichicun Lake (1A),NCCL1a,,,0,,,,531200,705200,,
Nichicun Lake (1B),NCCL1b,,,0,,,,531200,705200,,
Nichicun Lake (2A et 2B),NCCL2a2b,,,0,,,,531300,710000,,
Nichicun Lake (5A),NCCL5a,,,0,,,,531100,705000,,
"Nichicun Lake, Grande Ile (3A et 3B)",NCCL3a,,,0,,,,530200,710300,,
"Nichicun Lake, Grande Ile (4A et 4B)",NCCL4a,,,0,,,,530900,710100,,
Nina Lake,NINA,10,EBj-SBj,3,,524,534,463600,813000,c,
Niskuk,NISKUK,20,PC,1,,164,189,511847,723910,c,
Nominingue,Nomin,,,0,,,,462400,750200,,
Northwest River Pond,NWRIVER,,PN,1,,340,357,533100,601000,c,c
Noyer (sud du lac du),MAU5,1.7,EBj,5,13-09-1974,448,455,464716,725016,c,
Nuvilik,NUVILIK,8,T,1,05-08-1990,,,744125,613350,i,
Okak Lake,OKAK,,TF,3,,215,225,620700,572300,c,
Ormstown (Tourbière),ORM1,100,EC,2,,295,300,450547.32,735346.59,c,c
Otish,OTISH,1.6,PC subalpine,4,,225,245,522615,705542,c,
Otish Ranges,otishR,,,0,,,,523300,702800,,
Ouellet (lac),OUEL,6,EBj,3,,390,402,473200.41,685640.32,c,c
Palsa Lake,PALSAL,,TA/TF,1,,,,582800,651000,,
Paradise Lake,PARADIS,350,PC,3,,248,268,530300,574500,c,
Parc de Frontenac,FRON1,100,EBj-ET,7,25-10-1991,358,363,455759.68,710822.46,c,chb paf
Parc de Frontenac,FRON2,100,EBj-ET,7,25-10-1991,505,510,455754.84,710841.96,c,chb paf
Parc de Frontenac,FRON3,100,EBj-ET,0,03-07-1993,,,455803.91,710845.96,c,chb paf
Parc de Frontenac,FRONA,100,EBj-ET,1,25-10-1991,,,455800,710845,c,
Parc de Frontenac,FRONB,100,EBj-ET,1,25-10-1991,160,165,455800,710845,c,
Parc de Frontenac,FRONBB,100,EBj-ET,1,25-10-1991,70,75,455800,710845,c,
Patterson Lake Bog,Patt,,,0,,,,463000,730000,,
Paul (St.) Lake,STPAUL,54,PN/SEpN,2,,170,180,520500,575000,i,
Penouille (Lac de),PENOU1S,7.07,SBj,0,22-06-1996,,,485320,642430,i,
Penouille (Lac de),PENOU2,0.79,SBj,0,22-06-1996,,,485340,642500,i,p
Penouille (Lac de),PENOU2S,0.79,SBj,0,22-06-1996,,,485340,642500,i,chb p
Perch Lake,PERCH,45,ET,7,,594,600,460200,772230,c,
Perdu (lac) (Ruis. Castor),PERDU,0.5,SBj (EBj),11,10-04-1980,690,700,491006.9,661928.37,c,c
Perdu (lac) (Ruis. Castor),PERDU2,0.5,SBj (EBj),1,04-04-1992,690,700,491015,661925,,c
P_rigord,PERIGOR,,,0,,,,434445,-10643,,
PertH,PERTH,,,0,,,,445500,763000,,
Pessière (Lac ˆ la),PESS,4,pn,7,30-10-1998,545.5,550.5,493030,791425,c,c Paleofire
Petel (Lac),PETEL,122,PN,5,,164,170,503300,661600,c,
Petit-Gasp_ (Tourbière),PETITG,0.79,SBj,5,21-06-1996,120,122,484842.17,641523.4,o,chb p
Philibert (Lac ˆ),PHILIBER,1,SBj-SBb,1,31-03-1994,550,555,491240,660310,b,
Piedmont,PIED,,ET,1,,,,,,p,
Pine Lake,PINE,,PN,0,,,,510800,691600,c,
Pink Lake,PINK,9,EL (EC),3,,295,300,452810,754830,c,
Pluvieux (lac),PLU,14,EBj,1,,506,514,475038.19,692110.29,c,c
Pointe-Taillon (Lac St-Jean),TAIL,,SEr,1,,135,150,484045,715300,p,
Pole Lake,POLE,2.62,PC,0,,0,0,533000,632000,c,
Port-au-Saumon,PAS,0.1,SBj,0,,0,0,474528,695703,p,
Poulin (lac),POU,2.3,ET,3,,600,605,464944,712945,c,
Princeville,PRINCVIL,2.5,ET,0,21-07-1969,0,0,460845,715609,c,
Prudent,PRU,0.5,SBb,2,,240,250,481810,720234,c,
Pyramid Hills Lake,PYRAMID,,TF,7,,180,185,573800,651000,c,
Quenouilles (Lac aux),SAV2,2,EBj,3,,908,918,461019,742345,c,
Ramah (baie de),RAMA1,0.5,T,1,,40,43,585309,641001,p,
Ramsay Lake,RAMSAY,9,ET,5,,930,942,453600,760600,c,
Rat Musqu_,RMUS,10.2,SBb,1,,369,379,474301,702208,p,
Raymond (lac ˆ),RAYM,0.5,EBj-SBj,5,07-07-1989,1030,1032,481403,655058,c,
Raymond (St-),RAY,100,EBj,2,12-07-1969,550,560,465331,714828,c,
Red River,REDRIVER,2.5,EBj/ET,0,10-07-1969,0,0,454015,711930,c,
R_servoir Fullerton,FULLER,30,ET,0,02-06-1993,,,450800,722530,p,
Rifou (Lac),RIFOU,3,SEpn,8,28-03-1993,700,705,485940,655900,c,p
Rivière aux Feuilles T,RAF-T,3,TF,4,,125,126,581338.89,720425.31,c,
Rivière aux Feuilles-1,RAF1,3.1,TF,3,,155,165,581358,720401,c,
Rivière aux Feuilles-2,RAF2,31.4,TF,7,,180,190,581301,715700,c,
Eternit_ I et II (Rivière),RIVET,,,0,,,,481800,702500,,
Rivière Ouelle,Ouell,,,0,,,,472600,695700,,
Rivière-du-Loup,RdL,,,0,,,,474700,693100,,
Rivière-du-Loup,RIVLP,,,0,,,,474700,693100,,
Rivière-du-Moulin,RDM91,,SEr,1,,,,482530,710200,p,
Robin (lac ˆ) (lac des),ROBIN,7,EBj (champs),4,14-09-1978,211,222,480303.39,651604.01,c,
Romer (lac),ROM,6,EC,4,16-05-1978,430,440,455748.59,731958.7,c,
Rond (lac),ROND,0.8,EBj,4,,340,350,461250,743050,c,
Ruisseau Cyprès,Cypres,,,0,,,,463500,741300,,
Rupert House,RH,,,0,,,,512800,784500,,
Sable (Lac au),SABLE,100,PN,3,,253,258,512400,661300,c,
Sagamit_,Sagam,,,0,,,,465700,712000,,
Saint-Fabien,Fabien,,,0,,,,481900,685100,,
Saint-Lin,Lin,,,0,,,,455500,734700,,
Saint-Michel,Michel,,,0,,,,454700,742900,,
Saint-Omer,Omer,,,0,,,,480700,661300,,
Saint-Sim_on,Simeon,,,0,,,,475000,695300,,
Sainte-Agate,Agate,,,0,,,,460300,742000,,
Sainte-Victoire,Victoire,,,0,,,,455600,730600,,
Sam (Lac ˆ),SAM,1,EBj,6,,410,415,463914,725844,c,
Sandy Cove,SANDYCO,200,TF,5,,220,250,542400,574300,c,c
Sapinière tourbeuse de Monsabrais,MONSA2,12.5,sbb-seb,3,29-10-1996,150,151,482758.11,792646.32,c,paf chb
Shefford,SHE,4.7,ET,10,03-12-1974,,,452132,723505,c,
Sheldrake lac (1),SHEL1,,TF,6,,263,263,563701,760930,c,
Sheldrake lac (2),SHEL2,,TF,0,,0,0,563701,760930, p,
Sheldrake lac (3),SHEL3,,TF,3,,133,134,565230,762300,c,
Sheldrake lac (4),SHEL4,,TF,4,,160,161,563701,760730,p,
Small Tea Field (1),STF1,550,EC,4,,429,444,450758,741730,c,
Small Tea Field (2),STF2,550,EC,0,,0,0,450815,741650,c,
Smoky Hill Falls,Smokey,,,0,,,,512700,783200,,
Snow Lake,SNOW,160,TF,3,,140,145,563900,635300,c,
Sona Lake East,SONA-E,,PC,0,,0,0,533400,635200,c,
Sona Lake West,SONA-W,0.1,PC,1,,260,265,533500,635700,c,
Square Forks Valley Lake,SQUARE,3,SEpN,1,26-03-1994,490,495,483445,661602,b,chb
Square Lake,SQUAREL,100,Ta,4,,685,715,583800,633600,,
St-Arsène,Arsene,,,0,,,,475500,682600,,
St-Bonaventure Bog,BonavB,,,0,,,,455800,724300,,
St-Boniface Bog,BonifB,,,0,,,,463000,725000,,
St-Etienne Bog,EtienB,,,0,,,,724558.85,462553.75,,
St-Eugène Bog,EugB,,,0,,,,454800,724300,,
St-Germain Bog,GerB,,,0,,,,454500,723500,,
St-Janvier,janvier,,,0,,,,454300,735400,,
St-Jean (Tourbière),LANSTJE,200,EC,4,,275,285,460000,731301,c,
Sud-Ouest (Lac du),CRA1B,3.75,T,2,,48,50,611545,734240,c,
Sugluk Inlet,Sugl,,,0,,,,621500,753000,,
Swanzey bog (1),SWA1,0.3,Chênaies,0,,0,0,425323,721853,c,
Swanzey bog (2),SWA2,0.3,Chênaies,3,,117,120,425323,721853,c,
Tania (lac),TANIA,2,ET,6,,810,820,454630,741814,c,
Tasiat (près du Lac),LT1,,Ta,4,,70,80,590830,750900,c,
Tasiguluk (1),TASI1,0.1,T,0,,0,0,583140,640910,c,
Tasiguluk (2),TASI2,0.1,T,0,,0,0,583140,640910,c,
Tasiguluk (3),TASI3,0.1,T,0,,0,0,583140,640910,c,
Tassiujak,LAU,,TF,3,04-01-1977,194,199,583809,700657,c,
Terrien (Petit Lac),TERRIEN,3.5,EBj,1,,626,638,463500,703630,c,
Timmins (87-SM-066),87SM066,,PN,0,,,,483400,804800,c,
Timmins (87-TIM-03),87TIM03,,PN,0,,0,0,482900,812200,c,
Timmins (87-TIM-05),87TIM05,,PN,0,,0,0,482900,812200,c,
Timmins (87-TIM-08),87TIM08,,PN,0,,0,0,482900,812200,c,
Tortue (lac ˆ la),TOR,2.5,ET,4,07-06-1979,390,400,453245,731901,c,
Tourbière-aux-Orignaux (Forillon),FOR,0.2,SBb,2,,520,530,485107,641930,c,
Tourelle (lac de la),TOUR2,8,SBb,1,15-02-1986,246,253,473220,701750,p,
Track Lake,TRACK,,PC,7,,317,322,554600,651000,c,
Triangle (Lac),TRIANGLE,1.5,SEpN,6,29-03-1994,,,484237.49,652444.01,c,chb
Tunturi Lake,TUNTU,400,PC,2,,130,137,550100,673000,c,
Turcotte (lac) ,TUR,10,SBb,4,13-06-1979,335,345,490923.27,654539.56,c,c
Twin Falls,TWINF,,PC,0,,0,0,533000,643100,c,
Twin (Lac),TWIN,4.9,SBb,0,25-06-1996,,,484705,645330,,
Twin (Lac),TWINS,4.9,SBb,0,25-06-1996,,,484705,645330,,
Ublik Pond,UBLIK,,TF/Ta/k,5,,183,188,572300,620300,c,
Unknown Pond,UNKNOWN,5.8,EBj-SBj,4,,695,700,453600,703800,c,
Upper Wallface Pond,WALLFACE,5.5,SBj,0,,,,440847,740315,c,
Val St-Gilles,STGIL,,PN,1,,,,490100,790500,p,
Valin (mont)  -1,VAL1,0.2,SBb,4,,380,388,483543.85,705002.22,c,c
Valin (mont)  -2,VAL2,0.3,SBb,1,,175,185,483650,705009,c,
Vallon des Pins  (Ferme Picard),PIC1,3.1,ET,6,10-07-1987,295,300,451620,723637,c,
Vicenza,VICENZA,5,T,1,01-08-1990,,,724435,613309,i,
Victor (Lac),SAV3,1.2,EBj,1,,666,676,455208,740903,i,
Vieux Port Burwell (a),VPBA,,T,1,,0,29,602453,644919,c,
Vieux Port Burwell (b),VPBB,,T,3,,0,62,602453,644919,c,
Vieux Port Burwell (c),VPBC,,T,1,,0,24,602453,644919,c,
Wapizagonke,MAU3,0.5,EBj,2,10-06-1974,,,464333,730151,c,
Waterloo (lac),WAT,1.4,ET,0,,0,0,451958,723000,c,
Weedon,WEEDON,157,EBj,0,28-07-1969,0,0,454131,712544,c,
Whitney's Gulch,WHITNEYS,5.5,TF,6,,345,355,513100,571800,c,
Yamaska,YAM,2,ET/EC,7,,505,515,452718.78,725225.09,c,c
Yelle (lac),YELLE,3.2,SBb,3,,375,385,483025.54,793814.57,c,c
Zed,Zed,25,EBj,1,10-06-1980,152,162,480758,652031,i,
Hertel (Lac),HERC5,28.4,EC/ET,3,07-03-2001,,,453250,730910,,
Bromont (lac),BROM2,50,ET,0,17-03-1982,,,451552.43,724016.56,,
Bromont (lac),BROM3,50,ET,9,08-03-2001,,,451558.73,724020.36,,
Hertel (Lac),HERCS2,28.4,EC/ET,0,07-03-2001,,,453250,730910,,
Hertel (Lac),HERL2,28.4,EC/ET,0,15-03-2001,,,453250,730910,,
Hertel (Lac),HERL3,28.4,EC/ET,0,15-03-2001,,,453250,730910,,
Hertel (Lac),HERL4,28.4,EC/ET,0,15-03-2001,,,453250,730910,,
Tourbière de Saint-Canut,canut,,EC,0,,,,454110,740401,c,
Bromont (lac),BROM240,50,ET,8,29-11-2000,554,558,451545.78,724030.89,c,
Hemlock Carr,HC250_60,5.1,ET,15,29-10-2002,938,939,453330,730825,c,
Hertel (Lac),HERC6,28.4,EC/ET,2,07-02-2003,,,453250,730910,,
Hertel (Lac),HERC7,28.4,EC/ET,2,17-03-2003,,,453250,730910,,
Germain (Lac ˆ St-),GER3,5,EBj SBj,1,31-03-2003,,,455645,742215,c,
Shefford,SHE3,4.7,ET,1,04-07-2003,,,452133,723510,,
Shefford,SHE2,4.7,ET,0,22-10-1976,,,452132,723505,c,
Tourbière de LG-1,L1T1C1,,,1,01-08-2002,147,148,535406,784634,i,
Tourbière de LG-1,L1T1C2,,,9,01-08-2002,165,167,535406,784634,c,
Tourbière de LG-1,L1T1C3,,,1,01-08-2002,114,115,535400,784600,i,
Tourbière de LG-2,L2T2C1,,,1,01-08-2002,263,264,533800,774400,i,
Tourbière de LG-2,L2T2C2,,,6,01-08-2002,335,338,533859,774400,i,
Tourbière de LG-2,L2T2C3,,,1,01-08-2002,279,280,533800,774400,i,
Tourbière de LG-3,L3T1C1,,,1,01-08-2002,230,231,533400,760800,i,
Tourbière de LG-3,L3T1C2,,,7,01-08-2002,374,378,533400,760800,c,
Tourbière de LG-3,L3T1C3,,,1,01-08-2002,292,293,533400,760800,i,
Lac Memphr_magog,BgFb-005,,,0,,,,450748,721500,,
Wales Island,Wales WLS,2,,0,11-08-1992,,,614145,720230,i,paf
Diable (lac du),DIAB93,25,SEpn,5,28-03-1993,150,155,485442,660726,c,c
McGinnis (Lac),mcG,,,0,01-07-1999,,,443626,780223,,PAF CHB
Champ de mangrove,TRINIDAD,,,0,,,,,,,
Grande-Vall_e,GV,,,2,01-07-1993,,,,,,
Petite-Vall_e,PV,,,3,01-07-1993,800,801,,,,
Mont-Saint-Pierre,MSP,,,2,01-07-1993,310,311,,,,
Moulin de la Chevrotière,Chevrot,,,1,,,,463745,715920,,
Hertel (Lac),HERLE_050,28.4,EC/ET,0,03-03-2004,,,453250,730910,,
Hertel (Lac),HERLE_100,28.4,EC/ET,0,03-03-2004,,,453250,730910,,
Tourbière de LG-2 (Mare 1),L2T1P1s,,nuphar sur l'eau,0,04-08-2003,,,533859,774411,i,
Tourbière de LG-2 (Mare 2),L2T1P3s,,,3,04-08-2003,,,533856,774406,n,
Tourbière de LG-2 (Mare 3),L2T1P4s,,,0,04-08-2003,,,533850,774402,non,
Tourbière de LG3 (Mare 3),LG3_P3s,,,0,11-08-2003,,,533349,760754.16,i,
Tourbière de LG3 (Mare 1),LG3_P1s,,,0,11-08-2003,,,533400,764600,n,
Tourbière de LG3 (Mare 2),LG3_P2s,,,0,11-08-2003,,,533900,774400,n,
Bromont (lac),BROM120,50,ET,6,29-11-2000,,,451542.81,724029.88,c,
Bromont (lac),BROM060,50,ET,4,29-11-2000,,,451541.11,724029.46,c,
Bromont (lac),BROM_A,,ET,0,01-01-1977,,,451553,724012,c,
Bromont (lac),BROM_B,,ET,0,01-01-1977,,,451553,724012,c,
Bromont (lac),BROM_C,,ET,0,01-01-1977,,,451553,724012,c,
St-Paul (Lac),LSP,,,1,26-08-2004,,,461807,722903,c,
STRONG site,strong,,,1,,,,,,,
Jones site,Jones,,,3,,,,,,,
Vale Perkins site,ValeP,,,0,07-07-1989,,,450517,721817,,
Moncton,02mgvb,,,0,,,,460700,645100,,
Ile Nue (2004),NUE04est1,,SEPb,2,17-08-2004,,,501309,640756,c,p
Ile Nue (2004),NUE04sud,,SEPb,1,17-08-2004,,,501309,640756,c,p
Bromont (lac),BROM140,50,ET,0,29-11-2000,,,451553,724012,c,
Duparquet (Lac),abitibi,,,0,01-01-1993,,,,,,
Saint-Sylvère (Coupe de),StSyl,,,0,01-01-1990,,,,,,
Goutte (Lac la),Goutte,1.2,,0,11-04-1996,,,482700,782300,,
Squatec (Site),squatec,,,0,,,,,,,
Till de l'Ungava,TillUN,,,0,01-08-1990,,,,,,
Bishop (Site),bishop,,,0,01-10-1982,,,,,,
Rimouski (Site arch_ologique de),DcEd-001,,,0,01-07-1991,,,,,,
Newport (Quai de),newport,,,0,01-06-1994,,,,,,
R_serve nationale de la faune (ƒrablière),RNF2ER,,,3,01-07-1991,,,,,,
R_serve nationale de la faune (ƒrablière),RNF2ORM,,,5,01-03-1992,,,450122.02,742924.15,,
Pins (Lac des),PINS,,,0,15-11-2004,,,450303,735321,,
Qu_bec (Fortifications de),FORTQUE,,,0,,,,464900,711300,,
LG2_04C,LG2_04C,14.7,Pessière et pinède,5,30-07-2004,,,533321,773857,,p
LG2_04L1,LG2_04L1,14.7,Pessière et pinède,3,05-08-2004,,,533321,773857,,p
LG2_04L2,LG2_04L2,14.7,Pessière et pinède,3,05-08-2004,,,533321,773857,,p
LG2_04L3,LG2_04L3,14.7,Pessière et pinède,0,05-08-2004,,,533321,773857,,p
Tourbière de LG-2,L2T2C2_03,,,8,01-08-2003,,,533859,774400,c,
Amakuttalik (Lac),AMA9506,40,T,3,,237,238,674833,643439,c,p 
Night Hawk Lake,NHL,,,0,01-09-1991,,,,,,p
WhiteFish River,WFR,,,0,01-09-1991,,,482550,805500,,
Connecticut (site),CONNECT,,,0,14-07-1994,,,441200,721000,,
Joseph (Tourbière St-),JOS05,250,EC,0,12-07-2005,,,455931,731810,c,
Mont Jacques-Cartier,MJC2003,,,0,,,,,,,
Tourbière Laforge 1,OURS3,,,0,,,,,,,
Romer (lac),ROM_T1A4,6,EC,5,18-11-2005,,,455757.49,731952.33,,
Projet St-Ambroise,MTL03-25-04,,,0,24-04-2003,,,45280643,73353045,,
Projet Lacordaire / Pierre B_dard,MTL05-12-1,,,0,01-12-2005,,,453439,733320,,
Lac aux Cèdres,Cedres_C3,7,,4,01-01-2004,,,492042.2,791229.57,,
Rivière St-François,STF,,,3,,,,460641,725417,,
Ballston Lake,Ballston,,,0,01-01-1998,,,425622,735130,,
Amarok Lake,AKL,,,0,,,,,,p,
Akvaqiak Lake,BIRG,,,0,,,,,,p,
Akvaqiak Lake,BIR,,,0,,,,,,p,
Lac aux Araign_es,araignees,864,EBj/SBj,1,,913,924,452807.62,705024.79,Non,
Mer Bleue (Tourbière de),MB060F,2500,EC,9,08-09-2004,,,452437.73,752837.38,,
Mer Bleue (Tourbière de),MB060T,2500,EC,9,08-09-2004,,,452436.46,752844.08,,
Fourche (lac ˆ la),FOUR2,19.6,EBj,5,22-10-1985,290,298,475833.01,691211.56,c,c
Normandie (Site de la Rue de ),norm,,,1,01-03-1987,,,482521.89,710120.07,,
Rivière-du-Moulin,RDM92,,SEr,1,,,,482530,710200,p,
Flavien (Saint-),FLAV86,314,ET,19,01-07-1986,,,463311.91,713539.15,m,
Romer (lac),ROM_T1A3.5,6,EC,0,09-11-2006,,,455757.59,731952.51,,
Romer (lac),ROM_T1A5,6,EC,2,09-11-2006,,,455757.32,731951.9,,
Moon Dance,moon,,,0,,,,563105.09,940425.64,,
Lac aux Cèdres,Cedres_Z3,7,,4,01-01-2004,,,492055.7,791233.76,,
Lac Beazley (Lac Baisley),BEAZLEY_C,,EBj-SBj,8,28-02-2007,,,473342.29,683003.58,c,
Francis (lac),FRANCISL,0.78,Sbj ,0,06-04-1997,,,483135,782820,c,
Qu_bec,DL RO,,,0,,,,,,,
Nottaway,06N_xxx,,,0,,,,510839,784813,,
FAGET,faget,,,3,,,,464231,233430,,
Chinteni,Chinteni,,,1,,,,465007,233809,,
Romer (lac),ROM_T1A8,6,EC,0,04-07-2007,,,455756.53,731950.41,,
Romer (lac),ROM_T1A15,6,EC,0,04-07-2007,,,455754.66,731948.66,,
La Prairie,BiFi-007,,,0,01-01-2006,,,,,,
Pointe ˆ Callière,BjFj-101,,,0,,,,,,,
St-Lazare,STLAZ,,,0,,,,,,,
Lac M_gantic,CR-NNNX,,,0,,,,,,,
Lac Beazley (Lac Baisley),BEAZLEY_L,,EBj-SBj,2,01-03-2007,,,473342.29,683003.58,c,
LG2_04C (Kajak-Brinkhurst),LG2_04Cs,14.7,Pessière et pinède,0,30-07-2004,,,533321,773857,,p
LG2_04L1 (Kajak-Brinkhurst),LG2_04L1s,14.7,Pessière et pinède,0,05-08-2004,,,533321,773857,,p
LG2_04L2 (Kajak-Brinkhurst),LG2_04L2s,14.7,Pessière et pinède,0,05-08-2004,,,533321,773857,,p
LG2_04L3 (Kajak-Brinkhurst),LG2_04L3s,14.7,Pessière et pinède,0,05-08-2004,,,533321,773857,,p
Fog Lake,FOG96-05,,,16,,,,671053,631502,c,
Southampton Island,S11G07,,,0,01-08-2007,,,650054,844229,,
Nepress site,BiEr-021,,,0,01-07-2007,,,452745,705108,,
Secteur Abitibi,abitibi12,,,3,,,,491537,792714,,
Chissassibi site,chisb,,,1,,,,535000,790459,,
S_minaire de Saint-Sulpice,BjFj-018-12,,,0,,,,,,,
Lac aux Araign_es,ARAIGN,864,EBj/SBj,0,22-02-2008,,,452810.86,704952.43,i,
Lac Dubuc,DUBUC,1.1,EBj/SBj,6,23-02-2008,,,453005.1,705111.9,c,
Lac Clinton,CLINTON,36.9,EBj/SBj,3,23-02-2008,,,452645.26,705728.56,c,
Lac des Joncs,JONCS,50,EBj/SBj,4,24-02-2008,,,452704.7,705119.9,c,
Quenouilles (Lac aux),SAV2A,2,EBj,1,,908,918,461019,742345,c,
Cliche-Rancourt site,BiEr-014,,Sbj,0,01-08-2008,,,452737.3,705102.6,,
Site de Michel Parent,FL06-01,,,0,08-10-2007,,,,,,
80-38 site,80-38,,,0,01-01-1980,,,,,,
Boothia Island,Boothia,,,0,,,,695348,941709,,
Site Blomidon,Blomidon,,,0,,,,445934,645401,,
Saint-Placide,99BZA,,,0,,,,453150,741220,,
A_roport de Montmagny,aermt1,,,0,,,,465925,703356,,
Moulin SQUARE DES FRéRES CHARRON,BiFj-062,,,0,,,,,,,
Cap-Saint-Jacques,CSJ,,forestier,0,,,,452743,735631,,
Ferryland,CgAf-002,,,0,01-01-2007,,,470115,525226,,
Site Madawaska,CjEd-005,,,0,12-08-2004,,,473202,683358,,
Parc de Plaisance,BjFs-010,,,2,01-01-2008,,,453605.75,750806.61,,
Site ƒtienne Nivart,BiFj-085,,,0,01-07-2008,,,,,,
site Nemiscau,EjGd-001,,,0,01-07-2008,,,513117.65,763309.64,,
Faubourg Qu_bec,BjFj-056,,,0,,,,,,,
Faubourg Qu_bec,CapStJac,,,0,,,,,,,
Squatec,ClEe-009,,,0,08-08-2001,,,,,,
Cave du 168 St-Paul Ouest,BjFj-143,,,0,01-07-2008,,,453011.69,733318.15,,
Rivière Magog,BhFa-003,,,0,,,,,,,
Parc de l'artillerie,18G33,,,0,01-07-1976,,,464837,711241,,
Place Royale,CeEt-387,,,0,,,,,,,
Antiquit_s CORNO,ChaiseLXIII,,,1,20-05-2009,,,464900,711240,,
La Prairie,BiFi-021,,,0,,,,,,,
La Prairie,BiFi-026,,,0,,,,,,,
Square Sir Georges ƒtienne-Cartier,MTL970803,,,0,01-07-1997,,,,,,
Ancien tunnel Wellington,MTL970802,,,0,01-07-1997,,,,,,
Anicet-5,BgFn-001,,,0,01-07-1998,,,,,,
Place Royale,BjFj-050,,,0,,,,,,,
St-Colomban,BkFm-001,,,0,01-01-1994,,,454418,740815,,
McGill,MTL2000-08,,,0,,,,,,,
Les Escoumins,ESC,,,0,01-07-2009,,,482050,692409,,
Lac Clinton,clintonC,36.9,EBj/SBj,6,21-10-2009,,,452650.29,705724.38,c,
Castor  (Lac aux),castor,,,0,,,,452955.7,733551.04,,
Place d'Youville,BjFj-102,,,0,01-07-1999,,,,,,
St-Paul (Lac),LSP_5,,,1,27-02-2010,,,461805,722902,c,
Outardes (Lac aux),OUT_8,18,,18,28-02-2010,,,461907.7,722741.3,c,
Bois_ d'ANGELL,ANGELL,80,,2,24-09-2010,,,,,,
Site du Lac ˆ Lampsilis,LAMP,,,1,,,,,,,
Atacas (ƒtang aux),atacas,,,1,28-02-2010,,,,,,paf
Leamy (Parc du Lac),Leamy,,,0,,,,45.45098,-75.7155,,
Site Annapolis,Annapolis,,,0,01-07-2005,,,445551.84,651135.76,,
Lac aux Cèdres,cedres-KB,7,,6,01-01-1997,,,491245,791230,c,
Palais des congrès,QIM03,,,,,,,453017.61,733335.59,c,
Lake Small,small,0.5,,,01-03-2010,,,493452.19,902308.34,c,
Lake Ben,ben,1.63,Pessière et pinède,,01-03-2010,,,492125.02,894610.36,c,
Mistassini (mar_cage de),Fortin,,PN/SEpn,0,31-07-2012,,,502459.41,730910.26,,
Rue des Soeurs Grises,BiFj-071,,,,01-07-2003,,,,,,
Castor  (Lac aux),castor-II,,,0,08-08-2012,,,452955.7,733551.04,,